date,weekly_rev,price
07-Sep-23,19727.05,22.28
06-Sep-23,19611.05,22.37
05-Sep-23,19574.9,22.33
04-Sep-23,19528.8,22.28
01-Sep-23,19435.3,22.17
31-Aug-23,19253.8,21.97
30-Aug-23,19347.45,22.07
29-Aug-23,19342.65,22.07
28-Aug-23,19306.05,22.03
25-Aug-23,19265.8,21.98
24-Aug-23,19386.7,22.12
23-Aug-23,19444,22.19
22-Aug-23,19396.45,22.13
21-Aug-23,19393.6,22.42
18-Aug-23,19310.15,22.32
17-Aug-23,19365.25,22.39
16-Aug-23,19465,22.52
14-Aug-23,19434.55,22.64
11-Aug-23,19428.3,22.63
10-Aug-23,19543.1,22.77
09-Aug-23,19632.55,22.81
08-Aug-23,19570.85,22.73
07-Aug-23,19597.3,22.83
04-Aug-23,19517,22.71
03-Aug-23,19381.65,22.55
02-Aug-23,19526.55,22.72
01-Aug-23,19733.55,22.96
31-Jul-23,19753.8,23.01
28-Jul-23,19646.05,22.91
27-Jul-23,19659.9,23.83
26-Jul-23,19778.3,23.97
25-Jul-23,19680.6,23.55
24-Jul-23,19672.35,23.83
21-Jul-23,19745,23.95
20-Jul-23,19979.15,24.24
19-Jul-23,19833.15,24.09
18-Jul-23,19749.25,24.18
17-Jul-23,19711.45,24.14
14-Jul-23,19564.5,23.96
13-Jul-23,19413.75,23.81
12-Jul-23,19384.3,22.58
11-Jul-23,19439.4,22.65
10-Jul-23,19355.9,22.55
07-Jul-23,19331.8,22.52
06-Jul-23,19497.3,22.72
05-Jul-23,19398.5,22.6
04-Jul-23,19389,22.59
03-Jul-23,19322.55,22.51
30-Jun-23,19189.05,22.36
28-Jun-23,18972.1,22.08
27-Jun-23,18817.4,21.9
26-Jun-23,18691.2,21.76
23-Jun-23,18665.5,21.73
22-Jun-23,18771.25,21.85
21-Jun-23,18856.85,21.96
20-Jun-23,18816.7,21.91
19-Jun-23,18755.45,21.84
16-Jun-23,18826,21.92
15-Jun-23,18688.1,21.76
14-Jun-23,18755.9,21.84
13-Jun-23,18716.15,21.79
12-Jun-23,18601.5,21.66
09-Jun-23,18563.4,21.62
08-Jun-23,18634.55,21.7
07-Jun-23,18726.4,21.81
06-Jun-23,18599,21.66
05-Jun-23,18593.85,21.65
02-Jun-23,18534.1,21.58
01-Jun-23,18487.75,21.53
31-May-23,18534.4,21.59
30-May-23,18633.85,21.7
29-May-23,18598.65,21.65
26-May-23,18499.35,21.54
25-May-23,18321.15,21.28
24-May-23,18285.4,21.24
23-May-23,18348,21.41
22-May-23,18314.4,21.36
19-May-23,18203.4,21.48
18-May-23,18129.95,21.39
17-May-23,18181.75,21.47
16-May-23,18286.5,21.59
15-May-23,18398.85,21.92
12-May-23,18314.8,21.82
11-May-23,18297,21.86
10-May-23,18315.1,21.88
09-May-23,18265.95,21.77
08-May-23,18264.4,21.77
05-May-23,18069,21.62
04-May-23,18255.8,21.85
03-May-23,18089.85,21.33
02-May-23,18147.65,20.92
28-Apr-23,18065,20.87
27-Apr-23,17915.05,20.7
26-Apr-23,17813.6,20.59
25-Apr-23,17769.25,20.56
24-Apr-23,17743.4,20.74
21-Apr-23,17624.05,20.61
20-Apr-23,17624.45,20.61
19-Apr-23,17618.75,20.6
18-Apr-23,17660.15,20.65
17-Apr-23,17706.85,20.82
13-Apr-23,17828,20.99
12-Apr-23,17812.4,20.97
11-Apr-23,17722.3,20.86
10-Apr-23,17624.05,20.75
06-Apr-23,17599.15,20.72
05-Apr-23,17557.05,20.67
03-Apr-23,17398.05,20.48
31-Mar-23,17359.75,20.44
29-Mar-23,17080.7,20.13
28-Mar-23,16951.7,19.97
27-Mar-23,16985.7,20.01
24-Mar-23,16945.05,19.97
23-Mar-23,17076.9,20.12
22-Mar-23,17151.9,20.21
21-Mar-23,17107.5,20.16
20-Mar-23,16988.4,20.02
17-Mar-23,17100.05,20.15
16-Mar-23,16985.6,20.01
15-Mar-23,16972.15,20
14-Mar-23,17043.3,20.08
13-Mar-23,17154.3,20.21
10-Mar-23,17412.9,20.52
09-Mar-23,17589.6,20.73
08-Mar-23,17754.4,20.92
06-Mar-23,17711.45,20.87
03-Mar-23,17594.35,20.73
02-Mar-23,17321.9,20.41
01-Mar-23,17450.9,20.56
28-Feb-23,17303.95,20.39
27-Feb-23,17392.7,20.49
24-Feb-23,17465.8,20.58
23-Feb-23,17511.25,20.64
22-Feb-23,17554.3,20.69
21-Feb-23,17826.7,21.01
20-Feb-23,17844.6,21.04
17-Feb-23,17944.2,21.15
16-Feb-23,18035.85,21.26
15-Feb-23,18015.85,21.31
14-Feb-23,17929.85,21.21
13-Feb-23,17770.9,21.05
10-Feb-23,17856.5,21.06
09-Feb-23,17893.45,21.11
08-Feb-23,17871.7,21.1
07-Feb-23,17721.5,20.5
06-Feb-23,17764.6,20.71
03-Feb-23,17854.05,20.86
02-Feb-23,17610.4,20.59
01-Feb-23,17616.3,20.68
31-Jan-23,17662.15,20.73
30-Jan-23,17648.95,20.73
27-Jan-23,17604.35,20.7
25-Jan-23,17891.95,21.19
24-Jan-23,18118.3,21.49
23-Jan-23,18118.55,21.6
20-Jan-23,18027.65,21.46
19-Jan-23,18107.85,21.56
18-Jan-23,18165.35,21.67
17-Jan-23,18053.3,21.53
16-Jan-23,17894.85,21.34
13-Jan-23,17956.6,21.54
12-Jan-23,17858.2,21.47
11-Jan-23,17895.7,21.52
10-Jan-23,17914.15,21.56
09-Jan-23,18101.2,21.78
06-Jan-23,17859.45,21.49
05-Jan-23,17992.15,21.65
04-Jan-23,18042.95,21.71
03-Jan-23,18232.55,21.94
02-Jan-23,18197.45,21.9
30-Dec-22,18105.3,21.79
29-Dec-22,18191,21.86
28-Dec-22,18122.5,21.78
27-Dec-22,18132.3,21.79
26-Dec-22,18014.6,21.65
23-Dec-22,17806.8,21.4
22-Dec-22,18127.35,21.79
21-Dec-22,18199.1,21.87
20-Dec-22,18385.3,22.1
19-Dec-22,18420.45,22.14
16-Dec-22,18269,21.96
15-Dec-22,18414.9,22.13
14-Dec-22,18660.3,22.43
13-Dec-22,18608,22.36
12-Dec-22,18497.15,22.23
09-Dec-22,18496.6,22.23
08-Dec-22,18609.35,22.36
07-Dec-22,18560.5,22.31
06-Dec-22,18642.75,22.4
05-Dec-22,18701.05,22.47
02-Dec-22,18696.1,22.47
01-Dec-22,18812.5,22.61
30-Nov-22,18758.35,22.54
29-Nov-22,18618.05,22.37
28-Nov-22,18562.75,22.31
25-Nov-22,18512.75,22.25
24-Nov-22,18484.1,22.21
23-Nov-22,18267.25,21.95
22-Nov-22,18244.2,21.93
21-Nov-22,18159.95,21.82
18-Nov-22,18307.65,21.79
17-Nov-22,18343.9,21.83
16-Nov-22,18409.65,21.91
15-Nov-22,18403.4,21.89
14-Nov-22,18329.15,21.79
11-Nov-22,18349.7,21.92
10-Nov-22,18028.2,21.53
09-Nov-22,18157,21.66
07-Nov-22,18202.8,21.71
04-Nov-22,18117.15,21.77
03-Nov-22,18052.7,21.79
02-Nov-22,18082.85,21.82
01-Nov-22,18145.4,21.98
31-Oct-22,18012.2,21.42
28-Oct-22,17786.8,21.15
27-Oct-22,17736.95,21.1
25-Oct-22,17656.35,21
24-Oct-22,17730.75,21.26
21-Oct-22,17576.3,21.07
20-Oct-22,17563.95,21.06
19-Oct-22,17512.25,21.02
18-Oct-22,17486.95,20.99
17-Oct-22,17311.8,20.86
14-Oct-22,17185.7,20.74
13-Oct-22,17014.35,20.53
12-Oct-22,17123.6,20.67
11-Oct-22,16983.55,20.51
10-Oct-22,17241,20.82
07-Oct-22,17314.65,20.9
06-Oct-22,17331.8,20.93
04-Oct-22,17274.3,20.86
03-Oct-22,16887.35,20.39
30-Sep-22,17094.35,20.64
29-Sep-22,16818.1,20.08
28-Sep-22,16858.6,20.13
27-Sep-22,17007.4,20.3
26-Sep-22,17016.3,20.31
23-Sep-22,17327.35,20.69
22-Sep-22,17629.8,21.05
21-Sep-22,17718.35,21.15
20-Sep-22,17816.25,21.27
19-Sep-22,17622.25,21.04
16-Sep-22,17530.85,20.93
15-Sep-22,17877.4,21.34
14-Sep-22,18003.75,21.49
13-Sep-22,18070.05,21.57
12-Sep-22,17936.35,21.41
09-Sep-22,17833.35,21.29
08-Sep-22,17798.75,21.25
07-Sep-22,17624.4,21.04
06-Sep-22,17655.6,21.08
05-Sep-22,17665.8,21.09
02-Sep-22,17539.45,20.94
01-Sep-22,17542.8,20.94
30-Aug-22,17759.3,21.2
29-Aug-22,17312.9,20.67
26-Aug-22,17558.9,20.96
25-Aug-22,17522.45,20.92
24-Aug-22,17604.95,21.02
23-Aug-22,17577.5,20.98
22-Aug-22,17490.7,20.88
19-Aug-22,17758.45,21.2
18-Aug-22,17956.5,21.44
17-Aug-22,17944.25,21.42
16-Aug-22,17825.25,21.34
12-Aug-22,17698.15,21.18
11-Aug-22,17659,21.29
10-Aug-22,17534.75,21.11
08-Aug-22,17525.1,21.02
05-Aug-22,17397.5,20.86
04-Aug-22,17382,20.85
03-Aug-22,17388.15,20.85
02-Aug-22,17345.45,20.86
01-Aug-22,17340.05,20.9
29-Jul-22,17158.25,20.73
28-Jul-22,16929.6,20.49
27-Jul-22,16641.8,20.19
26-Jul-22,16483.85,20.17
25-Jul-22,16631,20.44
22-Jul-22,16719.45,20.55
21-Jul-22,16605.25,20.43
20-Jul-22,16520.85,20.33
19-Jul-22,16340.55,20.18
18-Jul-22,16278.5,20.11
15-Jul-22,16049.2,19.82
14-Jul-22,15938.65,19.69
13-Jul-22,15966.65,19.72
12-Jul-22,16058.3,19.83
11-Jul-22,16216,20.03
08-Jul-22,16220.6,20.04
07-Jul-22,16132.9,19.93
06-Jul-22,15989.8,19.76
05-Jul-22,15810.85,19.54
04-Jul-22,15835.35,19.57
01-Jul-22,15752.05,19.46
30-Jun-22,15780.25,19.5
29-Jun-22,15799.1,19.55
28-Jun-22,15850.2,19.61
27-Jun-22,15832.05,19.59
24-Jun-22,15699.25,19.43
23-Jun-22,15556.65,19.25
22-Jun-22,15413.3,19.07
21-Jun-22,15638.8,19.35
20-Jun-22,15350.15,18.99
17-Jun-22,15293.5,18.92
16-Jun-22,15360.6,19.01
15-Jun-22,15692.15,19.42
14-Jun-22,15732.1,19.47
13-Jun-22,15774.4,19.52
10-Jun-22,16201.8,20.05
09-Jun-22,16478.1,20.39
08-Jun-22,16356.25,20.24
07-Jun-22,16416.35,20.31
06-Jun-22,16569.55,20.5
03-Jun-22,16584.3,20.52
02-Jun-22,16628,20.58
01-Jun-22,16522.75,20.45
31-May-22,16584.55,20.44
30-May-22,16661.4,20.65
27-May-22,16352.45,20.27
26-May-22,16170.15,19.88
25-May-22,16025.8,19.74
24-May-22,16125.15,19.87
23-May-22,16214.7,20.01
20-May-22,16266.15,20.05
19-May-22,15809.4,19.51
18-May-22,16240.3,20.09
17-May-22,16259.3,20.12
16-May-22,15842.3,19.72
13-May-22,15782.15,19.83
12-May-22,15808,19.87
11-May-22,16167.1,20.32
10-May-22,16240.05,20.42
09-May-22,16301.85,20.75
06-May-22,16411.25,20.89
05-May-22,16682.65,21.24
04-May-22,16677.6,21.31
02-May-22,17069.1,21.87
29-Apr-22,17102.55,22.01
28-Apr-22,17245.05,22.2
27-Apr-22,17038.4,21.96
26-Apr-22,17200.8,22.17
25-Apr-22,16953.95,22.03
22-Apr-22,17171.95,22.38
21-Apr-22,17392.6,22.67
20-Apr-22,17136.55,22.33
19-Apr-22,16958.65,22.1
18-Apr-22,17173.65,22.53
13-Apr-22,17475.65,22.92
12-Apr-22,17530.3,23.01
11-Apr-22,17674.95,23.2
08-Apr-22,17784.35,23.34
07-Apr-22,17639.55,23.15
06-Apr-22,17807.65,23.37
05-Apr-22,17957.4,23.57
04-Apr-22,18053.4,23.69
01-Apr-22,17670.45,23.19
31-Mar-22,17464.75,22.92
30-Mar-22,17498.25,22.5
29-Mar-22,17325.3,22.27
28-Mar-22,17222,22.14
25-Mar-22,17153,22.05
24-Mar-22,17222.75,22.14
23-Mar-22,17245.65,22.17
22-Mar-22,17315.5,22.26
21-Mar-22,17117.6,22.01
17-Mar-22,17287.05,22.23
16-Mar-22,16975.35,21.82
15-Mar-22,16663,21.42
14-Mar-22,16871.3,21.69
11-Mar-22,16630.45,21.38
10-Mar-22,16594.9,21.34
09-Mar-22,16345.35,21.01
08-Mar-22,16013.45,20.59
07-Mar-22,15863.15,20.39
04-Mar-22,16245.35,20.89
03-Mar-22,16498.05,21.21
02-Mar-22,16605.95,21.35
28-Feb-22,16793.9,21.59
25-Feb-22,16658.4,21.42
24-Feb-22,16247.95,20.89
23-Feb-22,17063.25,21.94
22-Feb-22,17092.2,21.97
21-Feb-22,17206.65,22.12
18-Feb-22,17276.3,22.21
17-Feb-22,17304.6,22.25
16-Feb-22,17322.2,22.27
15-Feb-22,17352.45,22.36
14-Feb-22,16842.8,21.85
11-Feb-22,17374.75,22.68
10-Feb-22,17605.85,22.98
09-Feb-22,17463.8,23.09
08-Feb-22,17266.75,22.83
07-Feb-22,17213.6,23.11
04-Feb-22,17516.3,23.56
03-Feb-22,17560.2,23.65
02-Feb-22,17780,23.95
01-Feb-22,17576.85,23.62
31-Jan-22,17339.85,23.42
28-Jan-22,17101.95,23.1
27-Jan-22,17110.15,23.09
25-Jan-22,17277.95,23.47
24-Jan-22,17149.1,23.63
21-Jan-22,17617.15,24.29
20-Jan-22,17757,24.47
19-Jan-22,17938.4,24.76
18-Jan-22,18113.05,25
17-Jan-22,18308.1,25.37
14-Jan-22,18255.75,25.3
13-Jan-22,18257.8,25.37
12-Jan-22,18212.35,25.3
11-Jan-22,18055.75,25.09
10-Jan-22,18003.3,25.01
07-Jan-22,17812.7,24.75
06-Jan-22,17745.9,24.66
05-Jan-22,17925.25,24.91
04-Jan-22,17805.25,24.74
03-Jan-22,17625.7,24.49
31-Dec-21,17354.05,24.11
30-Dec-21,17203.95,23.73
29-Dec-21,17213.6,23.74
28-Dec-21,17233.25,23.77
27-Dec-21,17086.25,23.57
24-Dec-21,17003.75,23.45
23-Dec-21,17072.6,23.55
22-Dec-21,16955.45,23.39
21-Dec-21,16770.85,23.13
20-Dec-21,16614.2,22.92
17-Dec-21,16985.2,23.43
16-Dec-21,17248.4,23.79
15-Dec-21,17221.4,23.75
14-Dec-21,17324.9,23.9
13-Dec-21,17368.25,23.96
10-Dec-21,17511.3,24.15
09-Dec-21,17516.85,24.16
08-Dec-21,17469.75,24.1
07-Dec-21,17176.7,23.69
06-Dec-21,16912.25,23.33
03-Dec-21,17196.7,23.73
02-Dec-21,17401.65,24.01
01-Dec-21,17166.9,23.68
30-Nov-21,16983.2,23.43
29-Nov-21,17053.95,23.53
26-Nov-21,17026.45,23.49
25-Nov-21,17536.25,24.19
24-Nov-21,17415.05,24.03
23-Nov-21,17503.35,24.15
22-Nov-21,17416.55,24.03
18-Nov-21,17764.8,24.51
17-Nov-21,17898.65,24.69
16-Nov-21,17999.2,24.83
15-Nov-21,18109.45,26
12-Nov-21,18102.75,25.98
11-Nov-21,17873.6,25.65
10-Nov-21,18017.2,26.03
09-Nov-21,18044.25,26.06
08-Nov-21,18068.55,26.25
04-Nov-21,17916.8,26.11
03-Nov-21,17829.2,25.98
02-Nov-21,17888.95,25.95
01-Nov-21,17929.65,26.07
29-Oct-21,17671.65,25.71
28-Oct-21,17857.25,26.39
27-Oct-21,18210.95,27.06
26-Oct-21,18268.4,27.16
25-Oct-21,18125.4,27.29
22-Oct-21,18114.9,27.48
21-Oct-21,18178.1,27.58
20-Oct-21,18266.6,27.72
19-Oct-21,18418.75,27.97
18-Oct-21,18477.05,28.17
14-Oct-21,18338.55,28.02
13-Oct-21,18161.75,27.75
12-Oct-21,17991.95,27.49
11-Oct-21,17945.95,27.48
08-Oct-21,17895.2,27.4
07-Oct-21,17790.35,27.24
06-Oct-21,17646,27.02
05-Oct-21,17822.3,27.29
04-Oct-21,17691.25,27.09
01-Oct-21,17532.05,26.84
30-Sep-21,17618.15,26.98
29-Sep-21,17711.3,27.11
28-Sep-21,17748.6,27.16
27-Sep-21,17855.1,27.33
24-Sep-21,17853.2,27.34
23-Sep-21,17822.95,27.29
22-Sep-21,17546.65,26.87
21-Sep-21,17562,26.89
20-Sep-21,17396.9,26.64
17-Sep-21,17585.15,26.93
16-Sep-21,17629.5,26.99
15-Sep-21,17519.45,26.84
14-Sep-21,17380,26.63
13-Sep-21,17355.3,26.59
09-Sep-21,17369.25,26.61
08-Sep-21,17353.5,26.59
07-Sep-21,17362.1,26.6
06-Sep-21,17377.8,26.63
03-Sep-21,17323.6,26.54
02-Sep-21,17234.15,26.41
01-Sep-21,17076.25,26.17
31-Aug-21,17132.2,26.25
30-Aug-21,16931.05,25.94
27-Aug-21,16705.2,25.6
26-Aug-21,16636.9,25.49
25-Aug-21,16634.65,25.49
24-Aug-21,16624.6,25.47
23-Aug-21,16496.45,25.28
20-Aug-21,16450.5,25.21
18-Aug-21,16568.85,25.39
17-Aug-21,16614.6,25.46
16-Aug-21,16563.05,25.62
13-Aug-21,16529.1,26.51
12-Aug-21,16364.4,26.25
11-Aug-21,16282.25,26.34
10-Aug-21,16280.1,26.35
09-Aug-21,16258.25,26.53
06-Aug-21,16238.2,26.51
05-Aug-21,16294.6,26.72
04-Aug-21,16258.8,27.39
03-Aug-21,16130.75,27.31
02-Aug-21,15885.15,27.21
30-Jul-21,15763.05,27.01
29-Jul-21,15778.45,27.08
28-Jul-21,15709.4,26.98
27-Jul-21,15746.45,27.45
26-Jul-21,15824.45,28.13
23-Jul-21,15856.05,28.28
22-Jul-21,15824.05,28.22
20-Jul-21,15632.1,27.89
19-Jul-21,15752.4,28.23
16-Jul-21,15923.4,28.53
15-Jul-21,15924.2,28.63
14-Jul-21,15853.95,28.5
13-Jul-21,15812.35,28.43
12-Jul-21,15692.6,28.21
09-Jul-21,15689.8,28.27
08-Jul-21,15727.9,28.34
07-Jul-21,15879.65,28.62
06-Jul-21,15818.25,28.5
05-Jul-21,15834.35,28.53
02-Jul-21,15722.2,28.33
01-Jul-21,15680,28.26
30-Jun-21,15721.5,28.33
29-Jun-21,15748.45,29
28-Jun-21,15814.7,29.12
25-Jun-21,15860.35,29.21
24-Jun-21,15790.45,29.08
23-Jun-21,15686.95,28.89
22-Jun-21,15772.75,29.05
21-Jun-21,15746.5,29.19
18-Jun-21,15683.35,29.08
17-Jun-21,15691.4,29.1
16-Jun-21,15767.55,29.24
15-Jun-21,15869.25,29.43
14-Jun-21,15811.85,29.32
11-Jun-21,15799.35,29.3
10-Jun-21,15737.75,29.18
09-Jun-21,15635.35,28.99
08-Jun-21,15740.1,29.19
07-Jun-21,15751.65,29.21
04-Jun-21,15670.25,29.06
03-Jun-21,15690.35,29.1
02-Jun-21,15576.2,28.88
01-Jun-21,15574.85,28.87
31-May-21,15582.8,29.22
28-May-21,15435.65,28.98
27-May-21,15337.85,29.48
26-May-21,15301.45,29.41
25-May-21,15208.45,29.25
24-May-21,15197.7,29.52
21-May-21,15175.3,29.48
20-May-21,14906.05,29.59
19-May-21,15030.15,29.98
18-May-21,15108.1,30.53
17-May-21,14923.15,30.2
14-May-21,14677.8,29.79
12-May-21,14696.5,29.83
11-May-21,14850.75,30.14
10-May-21,14942.35,30.43
07-May-21,14823.15,30.23
06-May-21,14724.8,30.82
05-May-21,14617.85,30.65
04-May-21,14496.5,30.47
03-May-21,14634.15,31.54
30-Apr-21,14631.1,32.21
29-Apr-21,14894.9,32.79
28-Apr-21,14864.55,32.72
27-Apr-21,14653.05,32.28
26-Apr-21,14485,32.39
23-Apr-21,14341.35,32.07
22-Apr-21,14406.15,32.22
20-Apr-21,14296.4,31.97
19-Apr-21,14359.45,32.12
16-Apr-21,14617.85,32.84
15-Apr-21,14581.45,32.78
13-Apr-21,14504.8,32.72
12-Apr-21,14310.8,32.34
09-Apr-21,14834.85,33.53
08-Apr-21,14873.8,33.61
07-Apr-21,14819.05,33.49
06-Apr-21,14683.5,33.18
05-Apr-21,14637.8,33.08
01-Apr-21,14867.35,33.6
31-Mar-21,14690.7,33.2
30-Mar-21,14845.1,40.43
26-Mar-21,14507.3,39.51
25-Mar-21,14324.9,39.02
24-Mar-21,14549.4,39.63
23-Mar-21,14814.75,40.35
22-Mar-21,14736.4,40.14
19-Mar-21,14744,40.16
18-Mar-21,14557.85,39.65
17-Mar-21,14721.3,40.1
16-Mar-21,14910.45,40.61
15-Mar-21,14929.5,40.66
12-Mar-21,15030.95,40.94
10-Mar-21,15174.8,41.33
09-Mar-21,15098.4,41.12
08-Mar-21,14956.2,40.74
05-Mar-21,14938.1,40.76
04-Mar-21,15080.75,41.15
03-Mar-21,15245.6,41.6
02-Mar-21,14919.1,40.71
01-Mar-21,14761.55,40.28
26-Feb-21,14529.15,39.65
25-Feb-21,15097.35,41.2
24-Feb-21,14982,40.88
23-Feb-21,14707.8,40.14
22-Feb-21,14675.7,40.05
19-Feb-21,14981.75,40.88
18-Feb-21,15118.95,41.26
17-Feb-21,15208.9,41.49
16-Feb-21,15313.45,41.78
15-Feb-21,15314.7,41.59
12-Feb-21,15163.3,41.58
11-Feb-21,15173.3,41.65
10-Feb-21,15106.5,41.81
09-Feb-21,15109.3,41.97
08-Feb-21,15115.8,42
05-Feb-21,14924.25,41.46
04-Feb-21,14895.65,40.81
03-Feb-21,14789.95,39.16
02-Feb-21,14647.85,38.79
01-Feb-21,14281.2,38.26
29-Jan-21,13634.6,36.57
28-Jan-21,13817.55,36.96
27-Jan-21,13967.5,37.52
25-Jan-21,14238.9,38.42
22-Jan-21,14371.9,38.86
21-Jan-21,14590.35,39.41
20-Jan-21,14644.7,39.55
19-Jan-21,14521.15,39.22
18-Jan-21,14281.3,38.92
15-Jan-21,14433.7,39.34
14-Jan-21,14595.6,40.03
13-Jan-21,14564.85,39.94
12-Jan-21,14563.45,39.94
11-Jan-21,14484.75,39.72
08-Jan-21,14347.25,39.45
07-Jan-21,14137.35,38.88
06-Jan-21,14146.25,38.9
05-Jan-21,14199.5,39.05
04-Jan-21,14132.9,38.87
01-Jan-21,14018.5,38.55
31-Dec-20,13981.75,38.45
30-Dec-20,13981.95,38.45
29-Dec-20,13932.6,38.31
28-Dec-20,13873.2,38.15
24-Dec-20,13749.25,37.81
23-Dec-20,13601.1,37.4
22-Dec-20,13466.3,37.03
21-Dec-20,13328.4,36.65
18-Dec-20,13760.55,37.84
17-Dec-20,13740.7,37.79
16-Dec-20,13682.7,37.63
15-Dec-20,13567.85,37.31
14-Dec-20,13558.15,37.28
11-Dec-20,13513.85,37.16
10-Dec-20,13478.3,37.06
09-Dec-20,13529.1,37.2
08-Dec-20,13392.95,36.83
07-Dec-20,13355.75,36.73
04-Dec-20,13258.55,36.46
03-Dec-20,13133.9,36.12
02-Dec-20,13113.75,36.06
01-Dec-20,13109.05,36.05
27-Nov-20,12968.95,35.66
26-Nov-20,12987,35.71
25-Nov-20,12858.4,35.36
24-Nov-20,13055.15,35.9
23-Nov-20,12926.45,35.55
20-Nov-20,12859.05,35.36
19-Nov-20,12771.7,35.12
18-Nov-20,12938.25,35.59
17-Nov-20,12874.2,34.93
14-Nov-20,12780.25,34.73
13-Nov-20,12719.95,34.57
12-Nov-20,12690.8,34.48
11-Nov-20,12749.15,34.5
10-Nov-20,12631.1,34.18
09-Nov-20,12461.05,33.62
06-Nov-20,12263.55,33.09
05-Nov-20,12120.3,32.84
04-Nov-20,11908.5,32.27
03-Nov-20,11813.5,31.82
02-Nov-20,11669.15,31.43
30-Oct-20,11642.4,31.9
29-Oct-20,11670.8,31.56
28-Oct-20,11729.6,33.94
27-Oct-20,11889.4,34.49
26-Oct-20,11767.75,33.95
23-Oct-20,11930.35,34.37
22-Oct-20,11896.45,34.27
21-Oct-20,11937.65,34.4
20-Oct-20,11896.8,34.28
19-Oct-20,11873.05,34.43
16-Oct-20,11762.45,34.13
15-Oct-20,11680.35,34.03
14-Oct-20,11971.05,34.87
13-Oct-20,11934.5,34.77
12-Oct-20,11930.95,34.76
09-Oct-20,11914.2,34.71
08-Oct-20,11834.6,34.4
07-Oct-20,11738.85,34.12
06-Oct-20,11662.4,33.9
05-Oct-20,11503.35,33.43
01-Oct-20,11416.95,33.18
30-Sep-20,11247.55,32.69
29-Sep-20,11222.4,32.62
28-Sep-20,11227.55,32.63
25-Sep-20,11050.25,32.12
24-Sep-20,10805.55,30.97
23-Sep-20,11131.85,31.91
22-Sep-20,11153.65,31.97
21-Sep-20,11250.55,32.25
18-Sep-20,11504.95,32.98
17-Sep-20,11516.1,33.01
16-Sep-20,11604.55,33.26
15-Sep-20,11521.8,33.03
14-Sep-20,11440.05,32.79
11-Sep-20,11464.45,32.86
10-Sep-20,11449.25,32.82
09-Sep-20,11278,32.33
08-Sep-20,11317.35,32.44
07-Sep-20,11355.05,32.55
04-Sep-20,11333.85,32.49
03-Sep-20,11527.45,33.04
02-Sep-20,11535,32.71
01-Sep-20,11470.25,32.53
31-Aug-20,11387.5,32.29
28-Aug-20,11647.6,32.92
27-Aug-20,11559.25,32.67
26-Aug-20,11549.6,32.64
25-Aug-20,11472.25,32.43
24-Aug-20,11466.45,32.41
21-Aug-20,11371.6,32.08
20-Aug-20,11312.2,31.91
19-Aug-20,11408.4,32.09
18-Aug-20,11385.35,32.03
17-Aug-20,11247.1,31.64
14-Aug-20,11178.4,31.09
13-Aug-20,11300.45,31.42
12-Aug-20,11308.4,31.33
11-Aug-20,11322.5,31.37
10-Aug-20,11270.15,31.23
07-Aug-20,11214.05,30.72
06-Aug-20,11200.15,30.68
05-Aug-20,11101.65,30.41
04-Aug-20,11095.25,30.39
03-Aug-20,10891.6,29.7
31-Jul-20,11073.45,30.2
30-Jul-20,11102.15,29.46
29-Jul-20,11202.85,29.59
28-Jul-20,11300.55,29.87
27-Jul-20,11131.8,29.18
24-Jul-20,11194.15,29.35
23-Jul-20,11215.45,29.2
22-Jul-20,11132.6,28.93
21-Jul-20,11162.25,29.01
20-Jul-20,11022.2,28.86
17-Jul-20,10901.7,28.55
16-Jul-20,10739.95,28.19
15-Jul-20,10618.2,27.88
14-Jul-20,10607.35,27.85
13-Jul-20,10802.7,28.36
10-Jul-20,10768.05,28.27
09-Jul-20,10813.45,28.26
08-Jul-20,10705.75,27.98
07-Jul-20,10799.65,28.22
06-Jul-20,10763.65,28.13
03-Jul-20,10607.35,27.78
02-Jul-20,10551.7,27.63
01-Jul-20,10430.05,26.97
30-Jun-20,10302.1,26.32
29-Jun-20,10312.4,26.49
26-Jun-20,10383,26.67
25-Jun-20,10288.9,25.59
24-Jun-20,10305.3,25.63
23-Jun-20,10471,26.05
22-Jun-20,10311.2,25.66
19-Jun-20,10244.4,25.49
18-Jun-20,10091.65,25.11
17-Jun-20,9881.15,24.59
16-Jun-20,9914,24.31
15-Jun-20,9813.7,23.69
12-Jun-20,9972.9,24.08
11-Jun-20,9902,23.9
10-Jun-20,10116.15,24.41
09-Jun-20,10046.65,24.25
08-Jun-20,10167.45,23.97
05-Jun-20,10142.15,23.91
04-Jun-20,10029.1,23.42
03-Jun-20,10061.55,23.5
02-Jun-20,9979.1,23.31
01-Jun-20,9826.15,22.96
29-May-20,9580.3,22.38
28-May-20,9490.1,22.17
27-May-20,9314.95,21.77
26-May-20,9029.05,21.1
22-May-20,9039.25,20.97
21-May-20,9106.25,21.14
20-May-20,9066.55,21.16
19-May-20,8879.1,20.39
18-May-20,8823.25,20.26
15-May-20,9136.85,20.98
14-May-20,9142.75,21
13-May-20,9383.55,21.51
12-May-20,9196.55,21.11
11-May-20,9239.2,21.21
08-May-20,9251.5,21.28
07-May-20,9199.05,21.18
06-May-20,9270.9,21.34
05-May-20,9205.6,21.19
04-May-20,9293.5,21.39
30-Apr-20,9859.9,22.35
29-Apr-20,9553.35,21.65
28-Apr-20,9380.9,21
27-Apr-20,9282.3,20.77
24-Apr-20,9154.4,20.48
23-Apr-20,9313.9,20.84
22-Apr-20,9187.3,20.56
21-Apr-20,8981.45,20.1
20-Apr-20,9261.85,20.75
17-Apr-20,9266.75,20.85
16-Apr-20,8992.8,20.25
15-Apr-20,8925.3,20.11
13-Apr-20,8993.85,20.27
09-Apr-20,9111.9,20.53
08-Apr-20,8748.75,19.72
07-Apr-20,8792.2,19.81
03-Apr-20,8083.8,18.22
01-Apr-20,8253.8,18.6
31-Mar-20,8597.75,19.38
30-Mar-20,8281.1,18.66
27-Mar-20,8660.25,19.52
26-Mar-20,8641.45,19.47
25-Mar-20,8317.85,18.74
24-Mar-20,7801.05,17.58
23-Mar-20,7610.25,17.15
20-Mar-20,8745.45,19.72
19-Mar-20,8263.45,18.63
18-Mar-20,8468.8,19.27
17-Mar-20,8967.05,20.41
16-Mar-20,9197.4,20.93
13-Mar-20,9955.2,22.66
12-Mar-20,9590.15,21.83
11-Mar-20,10458.4,23.8
09-Mar-20,10451.45,23.79
06-Mar-20,10989.45,25.01
05-Mar-20,11269,25.65
04-Mar-20,11251,25.61
03-Mar-20,11303.3,25.73
02-Mar-20,11132.75,25.34
28-Feb-20,11201.75,25.49
27-Feb-20,11633.3,26.48
26-Feb-20,11678.5,26.58
25-Feb-20,11797.9,26.85
24-Feb-20,11829.4,26.92
20-Feb-20,12080.85,27.5
19-Feb-20,12125.9,27.6
18-Feb-20,11992.5,27.29
17-Feb-20,12045.8,27.42
14-Feb-20,12113.45,27.45
13-Feb-20,12174.65,27.59
12-Feb-20,12201.2,27.65
11-Feb-20,12107.9,27.21
10-Feb-20,12031.5,26.89
07-Feb-20,12098.35,27.03
06-Feb-20,12137.95,27.16
05-Feb-20,12089.15,27.05
04-Feb-20,11979.65,26.57
03-Feb-20,11707.9,25.9
01-Feb-20,11661.85,25.75
31-Jan-20,11962.1,26.41
30-Jan-20,12035.8,26.57
29-Jan-20,12129.5,26.81
28-Jan-20,12055.8,26.65
27-Jan-20,12119,27.73
24-Jan-20,12248.25,28.1
23-Jan-20,12180.35,27.88
22-Jan-20,12106.9,27.73
21-Jan-20,12169.85,27.84
20-Jan-20,12224.55,28
17-Jan-20,12352.35,28.61
16-Jan-20,12355.5,28.62
15-Jan-20,12343.3,28.63
14-Jan-20,12362.3,28.67
13-Jan-20,12329.55,28.67
10-Jan-20,12256.8,28.51
09-Jan-20,12215.9,28.41
08-Jan-20,12025.35,27.97
07-Jan-20,12052.95,28.03
06-Jan-20,11993.05,27.89
03-Jan-20,12226.65,28.44
02-Jan-20,12282.2,28.56
01-Jan-20,12182.5,28.33
31-Dec-19,12168.45,28.3
30-Dec-19,12255.85,28.5
27-Dec-19,12245.8,28.48
26-Dec-19,12126.55,28.26
24-Dec-19,12214.55,28.47
23-Dec-19,12262.75,28.58
20-Dec-19,12271.8,28.6
19-Dec-19,12259.7,28.57
18-Dec-19,12221.65,28.48
17-Dec-19,12165,28.35
16-Dec-19,12053.95,28.09
13-Dec-19,12086.7,28.17
12-Dec-19,11971.8,27.9
11-Dec-19,11910.15,27.76
10-Dec-19,11856.8,27.63
09-Dec-19,11937.5,27.82
06-Dec-19,11921.5,27.78
05-Dec-19,12018.4,28.01
04-Dec-19,12043.2,28.07
03-Dec-19,11994.2,27.95
02-Dec-19,12048.2,28.08
29-Nov-19,12056.05,28.1
28-Nov-19,12151.15,28.32
27-Nov-19,12100.7,28.2
26-Nov-19,12037.7,28.05
25-Nov-19,12073.75,28.14
22-Nov-19,11914.4,27.77
21-Nov-19,11968.4,27.89
20-Nov-19,11999.1,27.23
19-Nov-19,11940.1,27.31
18-Nov-19,11884.5,27.29
15-Nov-19,11895.45,27.32
14-Nov-19,11872.1,27.38
13-Nov-19,11840.45,27.31
11-Nov-19,11913.45,27.52
08-Nov-19,11908.15,27.51
07-Nov-19,12012.05,27.75
06-Nov-19,11966.05,27.71
05-Nov-19,11917.2,27.59
04-Nov-19,11941.3,27.59
01-Nov-19,11890.6,27.47
31-Oct-19,11877.45,27.38
30-Oct-19,11844.1,27.3
29-Oct-19,11786.85,27.17
27-Oct-19,11627.15,26.8
25-Oct-19,11583.9,26.7
24-Oct-19,11582.6,26.7
23-Oct-19,11604.1,26.75
22-Oct-19,11588.35,26.71
18-Oct-19,11661.85,26.94
17-Oct-19,11586.35,26.76
16-Oct-19,11464,26.48
15-Oct-19,11428.3,26.4
14-Oct-19,11341.15,26.2
11-Oct-19,11305.05,26.11
10-Oct-19,11234.55,25.95
09-Oct-19,11313.3,26.13
07-Oct-19,11126.4,25.64
04-Oct-19,11174.75,25.75
03-Oct-19,11314,26.07
01-Oct-19,11359.9,26.17
30-Sep-19,11474.45,26.44
27-Sep-19,11512.4,26.52
26-Sep-19,11571.2,26.22
25-Sep-19,11440.2,25.92
24-Sep-19,11588.2,28.49
23-Sep-19,11600.2,28.52
20-Sep-19,11274.2,27.72
19-Sep-19,10704.8,26.32
18-Sep-19,10840.65,26.66
17-Sep-19,10817.6,26.6
16-Sep-19,11003.5,27.06
13-Sep-19,11075.9,27.23
12-Sep-19,10982.8,27
11-Sep-19,11035.7,27.13
09-Sep-19,11003.05,27.05
06-Sep-19,10946.2,26.91
05-Sep-19,10847.9,26.67
04-Sep-19,10844.65,26.61
03-Sep-19,10797.9,26.54
30-Aug-19,11023.25,27.27
29-Aug-19,10948.3,27.09
28-Aug-19,11046.1,27.33
27-Aug-19,11105.35,27.47
26-Aug-19,11057.85,27.36
23-Aug-19,10829.35,26.79
22-Aug-19,10741.35,26.57
21-Aug-19,10918.7,27.01
20-Aug-19,11017,27.26
19-Aug-19,11053.9,27.35
16-Aug-19,11047.8,27.33
14-Aug-19,11029.4,27.24
13-Aug-19,10925.85,27.03
09-Aug-19,11109.65,27.41
08-Aug-19,11032.45,27.2
07-Aug-19,10855.5,26.74
06-Aug-19,10948.25,26.97
05-Aug-19,10862.6,26.76
02-Aug-19,10997.35,27.09
01-Aug-19,10980,27.05
31-Jul-19,11118,27.42
30-Jul-19,11085.4,27.34
29-Jul-19,11189.2,27.6
26-Jul-19,11284.3,27.73
25-Jul-19,11252.15,27.57
24-Jul-19,11271.3,27.62
23-Jul-19,11331.05,27.77
22-Jul-19,11346.2,27.81
19-Jul-19,11419.25,27.92
18-Jul-19,11596.9,28.35
17-Jul-19,11687.5,28.58
16-Jul-19,11662.6,28.51
15-Jul-19,11588.35,28.33
12-Jul-19,11552.5,28.33
11-Jul-19,11582.9,28.4
10-Jul-19,11498.9,28.2
09-Jul-19,11555.9,28.41
08-Jul-19,11558.6,28.42
05-Jul-19,11811.15,29.04
04-Jul-19,11946.75,29.37
03-Jul-19,11916.75,29.3
02-Jul-19,11910.3,29.28
01-Jul-19,11865.6,29.17
28-Jun-19,11788.85,28.98
27-Jun-19,11841.55,29.07
26-Jun-19,11847.55,29.09
25-Jun-19,11796.45,29.17
24-Jun-19,11699.65,28.93
21-Jun-19,11724.1,28.99
20-Jun-19,11831.75,29.26
19-Jun-19,11691.45,28.91
18-Jun-19,11691.5,28.91
17-Jun-19,11672.15,28.87
14-Jun-19,11823.3,29.24
13-Jun-19,11914.05,29.46
12-Jun-19,11906.2,29.45
11-Jun-19,11965.6,29.59
10-Jun-19,11922.7,29.49
07-Jun-19,11870.65,29.36
06-Jun-19,11843.75,29.29
04-Jun-19,12021.65,29.73
03-Jun-19,12088.55,29.9
31-May-19,11922.8,29.49
30-May-19,11945.9,29.65
29-May-19,11861.1,29.44
28-May-19,11928.75,29.69
27-May-19,11924.75,29.68
24-May-19,11844.1,29.44
23-May-19,11657.05,29.02
22-May-19,11737.9,29.22
21-May-19,11709.1,29.18
20-May-19,11828.25,29.48
17-May-19,11407.15,28.44
16-May-19,11257.1,28.07
15-May-19,11157,27.82
14-May-19,11222.05,27.98
13-May-19,11148.2,27.8
10-May-19,11278.9,28.14
09-May-19,11301.8,28.24
08-May-19,11359.45,28.38
07-May-19,11497.9,28.73
06-May-19,11598.25,28.95
03-May-19,11712.25,29.24
02-May-19,11724.75,29.27
30-Apr-19,11748.15,29.33
26-Apr-19,11754.65,29.34
25-Apr-19,11641.8,29.06
24-Apr-19,11726.15,29.27
23-Apr-19,11575.95,28.94
22-Apr-19,11594.45,28.94
18-Apr-19,11752.8,29.33
16-Apr-19,11787.15,29.42
15-Apr-19,11690.35,29.18
12-Apr-19,11643.45,29.06
11-Apr-19,11596.7,28.94
10-Apr-19,11584.3,28.91
09-Apr-19,11671.95,29.13
08-Apr-19,11604.5,28.96
05-Apr-19,11665.95,29.12
04-Apr-19,11598,28.95
03-Apr-19,11643.95,29.06
02-Apr-19,11713.2,29.24
01-Apr-19,11669.15,29.13
29-Mar-19,11623.9,29.01
28-Mar-19,11570,28.36
27-Mar-19,11445.05,28.05
26-Mar-19,11483.25,28.15
25-Mar-19,11354.25,27.83
22-Mar-19,11456.9,28.08
20-Mar-19,11521.05,28.24
19-Mar-19,11532.4,28.27
18-Mar-19,11462.2,28.1
15-Mar-19,11426.85,28.01
14-Mar-19,11343.25,27.81
13-Mar-19,11341.7,27.8
12-Mar-19,11301.2,27.7
11-Mar-19,11168.05,27.38
08-Mar-19,11035.4,27.05
07-Mar-19,11058.2,27.11
06-Mar-19,11053,27.09
05-Mar-19,10987.45,26.93
01-Mar-19,10863.5,26.49
28-Feb-19,10792.5,26.32
27-Feb-19,10806.65,26.36
26-Feb-19,10835.3,26.43
25-Feb-19,10880.1,26.53
22-Feb-19,10791.65,26.32
21-Feb-19,10789.85,26.31
20-Feb-19,10735.45,26.5
19-Feb-19,10604.35,26.23
18-Feb-19,10640.95,26.32
15-Feb-19,10724.4,26.53
14-Feb-19,10746.05,26.58
13-Feb-19,10793.65,26.6
12-Feb-19,10831.4,26.84
11-Feb-19,10888.8,26.96
08-Feb-19,10943.6,27.1
07-Feb-19,11069.4,27.41
06-Feb-19,11062.45,27.39
05-Feb-19,10934.35,27.07
04-Feb-19,10912.25,27.02
01-Feb-19,10893.65,26.4
31-Jan-19,10830.95,26.26
30-Jan-19,10651.8,25.84
29-Jan-19,10652.2,25.84
28-Jan-19,10661.55,25.85
25-Jan-19,10780.55,26.14
24-Jan-19,10849.8,26.31
23-Jan-19,10831.5,26.32
22-Jan-19,10922.75,26.54
21-Jan-19,10961.85,26.29
18-Jan-19,10906.95,26.19
17-Jan-19,10905.2,26.21
16-Jan-19,10890.3,26.17
15-Jan-19,10886.8,26.16
14-Jan-19,10737.6,25.8
11-Jan-19,10794.95,26
10-Jan-19,10821.6,26.07
09-Jan-19,10855.15,26.15
08-Jan-19,10802.15,26.02
07-Jan-19,10771.8,25.95
04-Jan-19,10727.35,25.84
03-Jan-19,10672.25,25.71
02-Jan-19,10792.5,26
01-Jan-19,10910.1,26.28
31-Dec-18,10862.55,26.17
28-Dec-18,10859.9,26.16
27-Dec-18,10779.8,26.08
26-Dec-18,10729.85,25.96
24-Dec-18,10663.5,25.8
21-Dec-18,10754,26.02
20-Dec-18,10951.7,26.5
19-Dec-18,10967.3,26.53
18-Dec-18,10908.7,26.39
17-Dec-18,10888.35,26.34
14-Dec-18,10805.45,26.14
13-Dec-18,10791.55,26.11
12-Dec-18,10737.6,25.98
11-Dec-18,10549.15,25.52
10-Dec-18,10488.45,25.37
07-Dec-18,10693.7,25.87
06-Dec-18,10601.15,25.65
05-Dec-18,10782.9,26.09
04-Dec-18,10869.5,26.3
03-Dec-18,10883.75,26.33
30-Nov-18,10876.75,26.31
29-Nov-18,10858.7,26.27
28-Nov-18,10728.85,25.96
27-Nov-18,10685.6,25.85
26-Nov-18,10628.6,25.71
22-Nov-18,10526.75,25.43
21-Nov-18,10600.05,25.55
20-Nov-18,10656.2,25.62
19-Nov-18,10763.4,25.88
16-Nov-18,10682.2,25.69
15-Nov-18,10616.7,25.53
14-Nov-18,10576.3,25.43
13-Nov-18,10582.5,25.45
12-Nov-18,10482.2,25.21
09-Nov-18,10585.2,25.46
07-Nov-18,10598.4,25.49
06-Nov-18,10530,25.32
05-Nov-18,10524,25.33
02-Nov-18,10553,25.4
01-Nov-18,10380.45,24.98
31-Oct-18,10386.6,25
30-Oct-18,10198.4,24.55
29-Oct-18,10250.85,24.65
26-Oct-18,10030,24.12
25-Oct-18,10124.9,24.36
24-Oct-18,10224.75,24.6
23-Oct-18,10146.8,24.41
22-Oct-18,10245.25,24.65
19-Oct-18,10303.55,24.83
17-Oct-18,10453.05,25.19
16-Oct-18,10584.75,25.52
15-Oct-18,10512.5,25.42
12-Oct-18,10472.5,25.33
11-Oct-18,10234.65,24.75
10-Oct-18,10460.1,25.3
09-Oct-18,10301.05,24.91
08-Oct-18,10348.05,25.03
05-Oct-18,10316.45,24.95
04-Oct-18,10599.25,25.63
03-Oct-18,10858.25,26.26
01-Oct-18,11008.3,26.62
28-Sep-18,10930.45,26.44
27-Sep-18,10977.55,26.69
26-Sep-18,11053.8,26.87
25-Sep-18,11067.45,26.91
24-Sep-18,10967.4,26.66
21-Sep-18,11143.1,27.09
19-Sep-18,11234.35,27.31
18-Sep-18,11278.9,27.42
17-Sep-18,11377.75,27.66
14-Sep-18,11515.2,28
12-Sep-18,11369.9,27.64
11-Sep-18,11287.5,27.44
10-Sep-18,11438.1,27.81
07-Sep-18,11589.1,28.17
06-Sep-18,11536.9,28.05
05-Sep-18,11476.95,27.9
04-Sep-18,11520.3,28.01
03-Sep-18,11582.35,28.16
31-Aug-18,11680.5,28.4
30-Aug-18,11676.8,28.51
29-Aug-18,11691.9,28.55
28-Aug-18,11738.5,28.66
27-Aug-18,11691.95,28.72
24-Aug-18,11557.1,28.06
23-Aug-18,11582.75,28.32
21-Aug-18,11570.9,28.29
20-Aug-18,11551.75,28.25
17-Aug-18,11470.75,28.11
16-Aug-18,11385.05,27.9
14-Aug-18,11435.1,28.02
13-Aug-18,11355.75,27.8
10-Aug-18,11429.5,27.83
09-Aug-18,11470.7,28.11
08-Aug-18,11450,28.23
07-Aug-18,11389.45,28.26
06-Aug-18,11387.1,28.26
03-Aug-18,11360.8,28.23
02-Aug-18,11244.7,27.89
01-Aug-18,11346.2,28.14
31-Jul-18,11356.5,28.22
30-Jul-18,11319.55,28.12
27-Jul-18,11278.35,28.02
26-Jul-18,11167.3,27.75
25-Jul-18,11132,27.66
24-Jul-18,11134.3,27.66
23-Jul-18,11084.75,27.54
20-Jul-18,11010.2,27.36
19-Jul-18,10957.1,27.22
18-Jul-18,10980.45,27.28
17-Jul-18,11008.05,27.35
16-Jul-18,10936.85,27.17
13-Jul-18,11018.9,27.38
12-Jul-18,11023.2,27.39
11-Jul-18,10948.3,27.2
10-Jul-18,10947.25,27.05
09-Jul-18,10852.9,26.82
06-Jul-18,10772.65,26.62
05-Jul-18,10749.75,26.69
04-Jul-18,10769.9,26.02
03-Jul-18,10699.9,25.85
02-Jul-18,10657.3,25.76
29-Jun-18,10714.3,25.9
28-Jun-18,10589.1,25.57
27-Jun-18,10671.4,25.73
26-Jun-18,10769.15,26.02
25-Jun-18,10762.45,26.48
22-Jun-18,10821.85,26.63
21-Jun-18,10741.1,26.43
20-Jun-18,10772.05,26.52
19-Jun-18,10710.45,26.38
18-Jun-18,10799.85,26.6
15-Jun-18,10817.7,27.44
14-Jun-18,10808.05,27.42
13-Jun-18,10856.7,27.54
12-Jun-18,10842.85,27.6
11-Jun-18,10786.95,27.47
08-Jun-18,10767.65,27.27
07-Jun-18,10768.35,27.27
06-Jun-18,10684.65,27.06
05-Jun-18,10593.15,26.83
04-Jun-18,10628.5,26.92
01-Jun-18,10696.2,27.09
31-May-18,10736.15,27.19
30-May-18,10614.35,27.01
29-May-18,10633.3,27.06
28-May-18,10688.65,27.23
25-May-18,10605.15,26.24
24-May-18,10513.85,26.07
23-May-18,10430.35,25.86
22-May-18,10536.7,26.13
21-May-18,10516.7,26.08
18-May-18,10596.4,26.27
17-May-18,10682.7,26.52
16-May-18,10741.1,26.66
15-May-18,10801.85,26.81
14-May-18,10806.6,26.82
11-May-18,10806.5,26.82
10-May-18,10716.55,26.6
09-May-18,10741.7,26.66
08-May-18,10717.8,26.6
07-May-18,10715.5,26.6
04-May-18,10618.25,26.36
03-May-18,10679.65,26.51
02-May-18,10718.05,26.6
30-Apr-18,10739.35,26.66
27-Apr-18,10692.3,26.54
26-Apr-18,10617.8,26.36
25-Apr-18,10570.55,26.24
24-Apr-18,10614.35,26.35
23-Apr-18,10584.7,26.27
20-Apr-18,10564.05,26.22
19-Apr-18,10565.3,26.23
18-Apr-18,10526.2,26.13
17-Apr-18,10548.7,26.18
16-Apr-18,10528.35,26.13
13-Apr-18,10480.6,26.01
12-Apr-18,10458.65,25.96
11-Apr-18,10417.15,25.86
10-Apr-18,10402.25,25.82
09-Apr-18,10379.35,25.76
06-Apr-18,10331.6,25.65
05-Apr-18,10325.15,25.63
04-Apr-18,10128.4,25.14
03-Apr-18,10245,25.43
02-Apr-18,10211.8,25.35
28-Mar-18,10113.7,24.66
27-Mar-18,10184.15,24.83
26-Mar-18,10130.65,24.7
23-Mar-18,9998.05,24.38
22-Mar-18,10114.75,24.67
21-Mar-18,10155.25,24.76
20-Mar-18,10124.35,24.69
19-Mar-18,10094.25,24.61
16-Mar-18,10195.15,24.87
15-Mar-18,10360.15,25.28
14-Mar-18,10410.9,25.41
13-Mar-18,10426.85,25.45
12-Mar-18,10421.4,25.44
09-Mar-18,10226.85,24.97
08-Mar-18,10242.65,25
07-Mar-18,10154.2,24.79
06-Mar-18,10249.25,25.02
05-Mar-18,10358.85,25.4
01-Mar-18,10458.35,25.59
28-Feb-18,10492.85,25.68
27-Feb-18,10554.3,25.87
26-Feb-18,10582.6,25.95
23-Feb-18,10491.05,25.75
22-Feb-18,10382.7,25.49
21-Feb-18,10397.45,25.18
20-Feb-18,10360.4,25.09
19-Feb-18,10378.4,25.14
16-Feb-18,10452.3,25.32
15-Feb-18,10545.5,25.45
14-Feb-18,10500.9,25.37
12-Feb-18,10539.75,25.48
09-Feb-18,10454.95,25.27
08-Feb-18,10576.85,25.56
07-Feb-18,10476.7,25.32
06-Feb-18,10498.25,25.37
05-Feb-18,10666.55,25.78
02-Feb-18,10760.6,26.04
01-Feb-18,11016.9,27.48
31-Jan-18,11027.7,27.5
30-Jan-18,11049.65,27.51
29-Jan-18,11130.4,27.71
25-Jan-18,11069.65,27.61
24-Jan-18,11086,27.66
23-Jan-18,11083.7,27.81
22-Jan-18,10966.2,27.62
19-Jan-18,10894.7,27.44
18-Jan-18,10817,27.25
17-Jan-18,10788.55,27.18
16-Jan-18,10700.45,26.96
15-Jan-18,10741.55,27.06
12-Jan-18,10681.25,27.28
11-Jan-18,10651.2,27.23
10-Jan-18,10632.2,27.18
09-Jan-18,10637,27.19
08-Jan-18,10623.6,27.16
05-Jan-18,10558.85,26.99
04-Jan-18,10504.8,26.86
03-Jan-18,10443.2,26.7
02-Jan-18,10442.2,26.7
01-Jan-18,10435.55,26.68
29-Dec-17,10530,26.92
28-Dec-17,10477,26.82
27-Dec-17,10490,26.85
26-Dec-17,10531,26.96
22-Dec-17,10493,26.86
21-Dec-17,10440,26.74
20-Dec-17,10444,26.75
19-Dec-17,10463,26.79
18-Dec-17,10388,26.6
15-Dec-17,10333,26.46
14-Dec-17,10252,26.25
13-Dec-17,10192,26.1
12-Dec-17,10240,26.22
11-Dec-17,10322,26.43
08-Dec-17,10265,26.26
07-Dec-17,10166,26.01
06-Dec-17,10044,25.7
05-Dec-17,10118,25.89
04-Dec-17,10127,25.91
01-Dec-17,10121,25.9
30-Nov-17,10226,26.16
29-Nov-17,10361,26.51
28-Nov-17,10370,26.53
27-Nov-17,10399,26.61
24-Nov-17,10389,26.59
23-Nov-17,10348,26.48
22-Nov-17,10342,26.4
21-Nov-17,10326,26.2
20-Nov-17,10298,26.18
17-Nov-17,10283,26.14
16-Nov-17,10214,25.96
15-Nov-17,10118,25.72
14-Nov-17,10186,25.89
13-Nov-17,10224,25.99
10-Nov-17,10321,26.35
09-Nov-17,10308,26.31
08-Nov-17,10303,26.37
07-Nov-17,10350,26.48
06-Nov-17,10451,26.74
03-Nov-17,10452,26.87
02-Nov-17,10423,26.63
01-Nov-17,10440,26.49
31-Oct-17,10335,26.38
30-Oct-17,10363,26.77
27-Oct-17,10323,26.67
26-Oct-17,10343,26.73
25-Oct-17,10295,26.63
24-Oct-17,10207,26.42
23-Oct-17,10184,26.37
19-Oct-17,10146,26.28
18-Oct-17,10210,26.44
17-Oct-17,10234,26.52
16-Oct-17,10230,26.55
13-Oct-17,10167,26.41
12-Oct-17,10096,26.22
11-Oct-17,9984.8,25.94
10-Oct-17,10016,26.02
09-Oct-17,9988.7,25.95
06-Oct-17,9979.7,25.92
05-Oct-17,9888.7,25.69
04-Oct-17,9914.9,25.75
03-Oct-17,9859.5,25.61
29-Sep-17,9788.6,25.43
28-Sep-17,9768.9,25.44
27-Sep-17,9735.7,25.36
26-Sep-17,9871.5,25.71
25-Sep-17,9872.6,25.71
22-Sep-17,9964.4,25.95
21-Sep-17,10121,26.34
20-Sep-17,10141,26.39
19-Sep-17,10147,26.4
18-Sep-17,10153,26.42
15-Sep-17,10085,26.24
14-Sep-17,10086,26.25
13-Sep-17,10079,26.23
12-Sep-17,10093,26.26
11-Sep-17,10006,26.11
08-Sep-17,9934.8,25.9
07-Sep-17,9929.9,25.89
06-Sep-17,9916.2,25.88
05-Sep-17,9952.2,25.97
04-Sep-17,9912.8,25.83
01-Sep-17,9974.4,25.99
31-Aug-17,9917.9,25.62
30-Aug-17,9884.4,25.54
29-Aug-17,9796,25.31
28-Aug-17,9912.8,25.61
24-Aug-17,9857,25.47
23-Aug-17,9852.5,25.45
22-Aug-17,9765.5,25.25
21-Aug-17,9754.3,24.99
18-Aug-17,9837.4,25.1
17-Aug-17,9904.1,25.3
16-Aug-17,9897.3,25.28
14-Aug-17,9794.1,25.02
11-Aug-17,9710.8,24.8
10-Aug-17,9820.2,25.06
09-Aug-17,9908,25.31
08-Aug-17,9978.5,25.5
07-Aug-17,10057,25.67
04-Aug-17,10066,25.61
03-Aug-17,10013,25.5
02-Aug-17,10081,25.63
01-Aug-17,10114,25.75
31-Jul-17,10077,25.69
28-Jul-17,10014,25.56
27-Jul-17,10020,25.56
26-Jul-17,10020,25.57
25-Jul-17,9964.5,25.45
24-Jul-17,9966.4,25.45
21-Jul-17,9915.2,25.32
20-Jul-17,9873.3,25.22
19-Jul-17,9899.6,25.28
18-Jul-17,9827.1,25.1
17-Jul-17,9915.9,25.17
14-Jul-17,9886.3,25.12
13-Jul-17,9891.7,25.17
12-Jul-17,9816.1,24.98
11-Jul-17,9786,24.91
10-Jul-17,9771,24.87
07-Jul-17,9665.8,24.6
06-Jul-17,9674.5,24.62
05-Jul-17,9637.6,24.53
04-Jul-17,9613.3,24.47
03-Jul-17,9615,24.47
30-Jun-17,9520.9,24.23
29-Jun-17,9504.1,24.19
28-Jun-17,9491.2,24.15
27-Jun-17,9511.4,24.21
23-Jun-17,9574.9,24.37
22-Jun-17,9630,24.49
21-Jun-17,9633.6,24.31
20-Jun-17,9653.5,24.36
19-Jun-17,9657.5,24.37
16-Jun-17,9588,24
15-Jun-17,9578,24.19
14-Jun-17,9618.1,24.29
13-Jun-17,9606.9,24.27
12-Jun-17,9616.4,24.25
09-Jun-17,9668.2,24.38
08-Jun-17,9647.2,24.43
07-Jun-17,9663.9,24.48
06-Jun-17,9637.1,24.35
05-Jun-17,9675.1,24.45
02-Jun-17,9653.5,24.43
01-Jun-17,9616.1,24.34
31-May-17,9621.2,24.35
30-May-17,9624.5,24.36
29-May-17,9604.9,24.31
26-May-17,9595.1,24.32
25-May-17,9509.7,24.88
24-May-17,9360.5,24.73
23-May-17,9386.1,24.8
22-May-17,9438.2,24.94
19-May-17,9427.9,24.91
18-May-17,9429.4,24.91
17-May-17,9525.7,25.23
16-May-17,9512.2,24.16
15-May-17,9445.4,23.99
12-May-17,9400.9,23.88
11-May-17,9422.4,23.93
10-May-17,9407.3,23.89
09-May-17,9316.8,23.67
08-May-17,9314,23.66
05-May-17,9285.3,23.59
04-May-17,9359.9,23.77
03-May-17,9311.9,23.65
02-May-17,9313.8,23.66
28-Apr-17,9304,23.63
27-Apr-17,9342.1,23.73
26-Apr-17,9351.8,23.75
25-Apr-17,9306.6,23.64
24-Apr-17,9217.9,23.41
21-Apr-17,9119.4,23.12
20-Apr-17,9136.4,23.16
19-Apr-17,9103.5,23.08
18-Apr-17,9105.1,23.08
17-Apr-17,9139.3,23.17
13-Apr-17,9150.8,23.2
12-Apr-17,9203.4,23.33
11-Apr-17,9237,23.42
10-Apr-17,9181.4,23.28
07-Apr-17,9198.3,23.32
06-Apr-17,9261.9,23.48
05-Apr-17,9265.1,23.49
03-Apr-17,9237.8,23.42
31-Mar-17,9173.7,23.26
30-Mar-17,9173.7,23.82
29-Mar-17,9143.8,23.74
28-Mar-17,9100.8,23.63
27-Mar-17,9045.2,23.49
24-Mar-17,9108,23.65
23-Mar-17,9086.3,23.59
22-Mar-17,9030.4,23.45
21-Mar-17,9121.5,23.68
20-Mar-17,9126.8,23.7
17-Mar-17,9160,23.78
16-Mar-17,9153.7,23.77
15-Mar-17,9084.8,23.59
14-Mar-17,9087,23.59
10-Mar-17,8934.5,23.2
09-Mar-17,8927,23.18
08-Mar-17,8924.3,23.17
07-Mar-17,8946.9,23.23
06-Mar-17,8963.4,23.27
03-Mar-17,8897.5,23.1
02-Mar-17,8899.7,23.11
01-Mar-17,8945.8,23.3
28-Feb-17,8879.6,23.13
27-Feb-17,8896.7,23.21
23-Feb-17,8939.5,23.36
22-Feb-17,8926.9,23.32
21-Feb-17,8907.8,23.27
20-Feb-17,8879.2,23.19
17-Feb-17,8821.7,23.1
16-Feb-17,8778,23.08
15-Feb-17,8724.7,22.84
14-Feb-17,8792.3,23.05
13-Feb-17,8805,23.15
10-Feb-17,8793.5,23.34
09-Feb-17,8778.4,23.31
08-Feb-17,8769,23.28
07-Feb-17,8768.3,23.31
06-Feb-17,8801,23.43
03-Feb-17,8740.9,23.29
02-Feb-17,8734.2,23.38
01-Feb-17,8716.4,23.27
31-Jan-17,8561.3,22.86
30-Jan-17,8632.7,22.98
27-Jan-17,8641.2,23
25-Jan-17,8602.7,22.98
24-Jan-17,8475.8,22.64
23-Jan-17,8391.5,22.48
20-Jan-17,8349.3,22.37
19-Jan-17,8435.1,22.44
18-Jan-17,8417,22.39
17-Jan-17,8398,22.4
16-Jan-17,8412.8,22.5
13-Jan-17,8400.3,22.47
12-Jan-17,8407.2,22.5
11-Jan-17,8380.6,22.42
10-Jan-17,8288.6,22.39
09-Jan-17,8236,22.07
06-Jan-17,8243.8,22.09
05-Jan-17,8273.8,22.17
04-Jan-17,8190.5,21.94
03-Jan-17,8192.2,22.12
02-Jan-17,8179.5,22.08
30-Dec-16,8185.8,21.93
29-Dec-16,8103.6,21.89
28-Dec-16,8034.8,21.71
27-Dec-16,8032.8,21.7
26-Dec-16,7908.2,21.36
23-Dec-16,7985.7,21.39
22-Dec-16,7979.1,21.18
21-Dec-16,8061.3,21.16
20-Dec-16,8082.4,21.24
19-Dec-16,8104.3,21.3
16-Dec-16,8139.4,21.37
15-Dec-16,8153.6,21.41
14-Dec-16,8182.4,21.48
13-Dec-16,8221.8,21.59
12-Dec-16,8170.8,21.45
09-Dec-16,8261.7,21.87
08-Dec-16,8246.8,21.83
07-Dec-16,8102,21.28
06-Dec-16,8143.1,21.56
05-Dec-16,8128.7,21.34
02-Dec-16,8086.8,21.25
01-Dec-16,8192.9,21.53
30-Nov-16,8224.5,21.61
29-Nov-16,8142.1,21.43
28-Nov-16,8126.9,21.55
25-Nov-16,8114.3,21.52
24-Nov-16,7965.5,21.29
23-Nov-16,8033.3,21.47
22-Nov-16,8002.3,21.38
21-Nov-16,7929.1,21.19
18-Nov-16,8074.1,21.41
17-Nov-16,8079.9,21.49
16-Nov-16,8111.6,21.62
15-Nov-16,8108.4,21.37
11-Nov-16,8296.3,22.02
10-Nov-16,8525.7,22.7
09-Nov-16,8432,22.48
08-Nov-16,8543.5,22.57
07-Nov-16,8497,22.67
04-Nov-16,8433.7,22.73
03-Nov-16,8484.9,22.93
02-Nov-16,8514,23.01
01-Nov-16,8626.2,23.31
30-Oct-16,8625.7,23.31
28-Oct-16,8638,23.34
27-Oct-16,8615.2,23.28
26-Oct-16,8615.2,23.3
25-Oct-16,8691.3,23.23
24-Oct-16,8708.9,23.27
21-Oct-16,8693,23.23
20-Oct-16,8699.4,23.46
19-Oct-16,8659.1,23.35
18-Oct-16,8677.9,23.22
17-Oct-16,8520.4,23
14-Oct-16,8583.4,22.98
13-Oct-16,8573.3,23.16
10-Oct-16,8708.8,23.34
07-Oct-16,8697.6,23.49
06-Oct-16,8709.5,23.52
05-Oct-16,8743.9,23.43
04-Oct-16,8769.1,23.95
03-Oct-16,8738.1,23.8
30-Sep-16,8611.1,23.4
29-Sep-16,8591.2,23.51
28-Sep-16,8745.1,23.97
27-Sep-16,8706.4,23.9
26-Sep-16,8723,23.94
23-Sep-16,8831.5,24.24
22-Sep-16,8867.4,24.34
21-Sep-16,8777.1,24.11
20-Sep-16,8775.9,24.06
19-Sep-16,8808.4,24.15
16-Sep-16,8779.8,24.07
15-Sep-16,8742.5,23.97
14-Sep-16,8726.6,23.92
12-Sep-16,8715.6,23.89
09-Sep-16,8866.7,24.31
08-Sep-16,8952.5,24.54
07-Sep-16,8917.9,24.45
06-Sep-16,8943,24.52
02-Sep-16,8809.6,24.15
01-Sep-16,8774.6,24.06
31-Aug-16,8786.2,24.09
30-Aug-16,8744.3,23.97
29-Aug-16,8607.4,23.6
26-Aug-16,8572.5,23.5
25-Aug-16,8592.2,23.62
24-Aug-16,8650.3,23.78
23-Aug-16,8632.6,23.73
22-Aug-16,8629.1,23.59
19-Aug-16,8666.9,23.7
18-Aug-16,8673.2,23.71
17-Aug-16,8624,23.58
16-Aug-16,8642.5,23.63
12-Aug-16,8672.1,23.71
11-Aug-16,8592.1,23.49
10-Aug-16,8575.3,23.44
09-Aug-16,8678.2,23.73
08-Aug-16,8711.3,23.82
05-Aug-16,8683.1,23.74
04-Aug-16,8551.1,23.38
03-Aug-16,8544.8,23.36
02-Aug-16,8622.9,23.58
01-Aug-16,8636.5,23.61
29-Jul-16,8638.5,23.62
28-Jul-16,8666.3,23.69
27-Jul-16,8615.8,23.63
26-Jul-16,8590.6,23.56
25-Jul-16,8635.6,23.69
22-Jul-16,8541.2,23.43
21-Jul-16,8510.1,23.34
20-Jul-16,8565.8,23.49
19-Jul-16,8528.5,23.39
18-Jul-16,8508.7,23.34
15-Jul-16,8541.4,23.43
14-Jul-16,8565,23.49
13-Jul-16,8519.5,23.37
12-Jul-16,8521,23.37
11-Jul-16,8467.9,23.25
08-Jul-16,8323.2,22.85
07-Jul-16,8337.9,22.89
05-Jul-16,8335.9,22.88
04-Jul-16,8370.7,22.98
01-Jul-16,8328.3,22.86
30-Jun-16,8287.7,22.75
29-Jun-16,8204,22.52
28-Jun-16,8127.8,22.31
27-Jun-16,8094.7,22.22
24-Jun-16,8088.6,22.2
23-Jun-16,8270.4,22.7
22-Jun-16,8203.7,22.52
21-Jun-16,8219.9,22.56
20-Jun-16,8238.5,22.62
17-Jun-16,8170.2,22.43
16-Jun-16,8140.7,22.35
15-Jun-16,8206.6,22.53
14-Jun-16,8108.8,22.26
13-Jun-16,8110.6,22.26
10-Jun-16,8170,22.43
09-Jun-16,8203.6,22.52
08-Jun-16,8273,22.71
07-Jun-16,8266.4,22.69
06-Jun-16,8201,22.71
03-Jun-16,8220.8,22.77
02-Jun-16,8218.9,22.76
01-Jun-16,8179.9,22.65
31-May-16,8160.1,22.6
30-May-16,8178.5,22.69
27-May-16,8156.6,22.66
26-May-16,8069.6,22.39
25-May-16,7934.9,22.07
24-May-16,7748.8,21.16
23-May-16,7731,21.13
20-May-16,7749.7,21.19
19-May-16,7783.4,21.33
18-May-16,7870.1,21.57
17-May-16,7890.7,21.62
16-May-16,7860.7,21.54
13-May-16,7814.9,21.1
12-May-16,7900.4,21.33
11-May-16,7848.8,21.19
10-May-16,7887.8,21.3
09-May-16,7866,21.24
06-May-16,7733.4,20.91
05-May-16,7735.5,20.96
04-May-16,7706.5,20.88
03-May-16,7747,21.08
02-May-16,7805.9,21.25
29-Apr-16,7849.8,21.24
28-Apr-16,7847.2,21.3
27-Apr-16,7979.9,21.66
26-Apr-16,7962.6,21.6
25-Apr-16,7855,21.4
22-Apr-16,7899.3,21.55
21-Apr-16,7912,21.59
20-Apr-16,7914.7,21.59
18-Apr-16,7914.7,21.68
13-Apr-16,7850.4,21.56
12-Apr-16,7708.9,21.17
11-Apr-16,7671.4,21.07
08-Apr-16,7555.2,20.75
07-Apr-16,7546.4,20.73
06-Apr-16,7614.3,20.91
05-Apr-16,7603.2,20.88
04-Apr-16,7758.8,21.31
01-Apr-16,7713,21.19
31-Mar-16,7738.4,20.89
30-Mar-16,7735.2,20.88
29-Mar-16,7597,20.5
28-Mar-16,7615.1,20.55
23-Mar-16,7716.5,20.83
22-Mar-16,7714.9,20.82
21-Mar-16,7704.2,20.79
18-Mar-16,7604.3,20.52
17-Mar-16,7512.5,20.28
16-Mar-16,7498.7,20.24
15-Mar-16,7460.6,20.14
14-Mar-16,7538.7,20.35
11-Mar-16,7510.2,20.27
10-Mar-16,7486.1,20.2
09-Mar-16,7531.8,20.33
08-Mar-16,7485.3,20.2
04-Mar-16,7485.3,20.24
03-Mar-16,7475.6,20.22
02-Mar-16,7368.8,19.93
01-Mar-16,7222.3,19.53
29-Feb-16,6987,18.9
26-Feb-16,7029.7,19.01
25-Feb-16,6970.6,18.85
24-Feb-16,7018.7,18.98
23-Feb-16,7109.5,19.23
22-Feb-16,7234.5,19.56
19-Feb-16,7210.7,19.5
18-Feb-16,7191.7,19.44
17-Feb-16,7108.4,19.18
16-Feb-16,7048.2,19.01
15-Feb-16,7162.9,19.32
12-Feb-16,6980.9,18.67
11-Feb-16,6976.3,18.65
10-Feb-16,7215.7,19.27
09-Feb-16,7298.2,19.46
08-Feb-16,7387.2,19.69
05-Feb-16,7489.1,19.99
04-Feb-16,7404,19.76
03-Feb-16,7361.8,19.65
02-Feb-16,7455.5,19.9
01-Feb-16,7555.9,20.22
29-Jan-16,7563.5,20.22
28-Jan-16,7424.6,19.85
27-Jan-16,7437.7,20.05
25-Jan-16,7436.1,20.04
22-Jan-16,7422.4,20.01
21-Jan-16,7276.8,19.65
20-Jan-16,7309.3,19.74
19-Jan-16,7435.1,20.08
18-Jan-16,7351,19.86
15-Jan-16,7437.8,20.12
14-Jan-16,7536.8,20.38
13-Jan-16,7562.4,20.45
12-Jan-16,7510.3,20.31
11-Jan-16,7563.8,20.46
08-Jan-16,7601.3,20.56
07-Jan-16,7568.3,20.47
06-Jan-16,7741,20.93
05-Jan-16,7784.6,21.05
04-Jan-16,7791.3,21.07
01-Jan-16,7963.2,21.53
31-Dec-15,7946.3,21.49
30-Dec-15,7896.2,21.35
29-Dec-15,7928.9,21.44
28-Dec-15,7925.1,21.43
24-Dec-15,7861,21.26
23-Dec-15,7865.9,21.27
22-Dec-15,7786.1,21.06
21-Dec-15,7834.4,21.19
18-Dec-15,7761.9,20.99
17-Dec-15,7844.3,21.21
16-Dec-15,7750.9,20.96
15-Dec-15,7700.9,20.82
14-Dec-15,7650,20.69
11-Dec-15,7610.4,20.57
10-Dec-15,7683.3,20.77
09-Dec-15,7612.5,20.58
08-Dec-15,7701.7,20.82
07-Dec-15,7765.4,20.99
04-Dec-15,7781.9,21.04
03-Dec-15,7864.1,21.26
02-Dec-15,7931.3,21.44
01-Dec-15,7954.9,21.51
30-Nov-15,7935.2,21.45
27-Nov-15,7942.7,21.47
26-Nov-15,7883.8,21.31
24-Nov-15,7831.6,21.17
23-Nov-15,7849.2,21.22
20-Nov-15,7856.5,21.24
19-Nov-15,7842.7,21.2
18-Nov-15,7731.8,20.9
17-Nov-15,7837.5,21.19
16-Nov-15,7806.6,21.11
13-Nov-15,7762.2,20.97
11-Nov-15,7825,21.17
10-Nov-15,7783.3,21.05
09-Nov-15,7915.2,21.41
06-Nov-15,7954.3,21.57
05-Nov-15,7955.4,21.58
04-Nov-15,8040.2,21.87
03-Nov-15,8060.7,22.02
02-Nov-15,8050.8,21.98
30-Oct-15,8065.8,22.06
29-Oct-15,8111.7,22.19
28-Oct-15,8171.2,22.2
27-Oct-15,8232.9,22.39
26-Oct-15,8260.5,22.45
23-Oct-15,8295.4,22.55
21-Oct-15,8251.7,22.48
20-Oct-15,8261.6,22.51
19-Oct-15,8275,22.61
16-Oct-15,8238.1,22.51
15-Oct-15,8179.5,22.35
14-Oct-15,8107.9,22.16
13-Oct-15,8131.7,22.25
12-Oct-15,8143.6,22.73
09-Oct-15,8189.7,22.88
08-Oct-15,8129.3,22.71
07-Oct-15,8177.4,22.84
06-Oct-15,8152.9,22.78
05-Oct-15,8119.3,22.68
01-Oct-15,7950.9,22.21
30-Sep-15,7948.9,22.21
29-Sep-15,7843.3,21.91
28-Sep-15,7795.7,21.78
24-Sep-15,7868.5,21.81
23-Sep-15,7845.9,21.75
22-Sep-15,7812,21.65
21-Sep-15,7977.1,22.11
18-Sep-15,7981.9,22.12
16-Sep-15,7899.1,21.89
15-Sep-15,7829.1,21.7
14-Sep-15,7872.2,21.82
11-Sep-15,7789.3,21.59
10-Sep-15,7788.1,21.59
09-Sep-15,7818.6,21.67
08-Sep-15,7688.2,21.31
07-Sep-15,7558.8,20.95
04-Sep-15,7655,21.21
03-Sep-15,7823,21.68
02-Sep-15,7717,21.38
01-Sep-15,7785.8,21.57
31-Aug-15,7971.3,22.08
28-Aug-15,8001.9,22.17
27-Aug-15,7948.9,22.02
26-Aug-15,7791.8,21.59
25-Aug-15,7880.7,21.83
24-Aug-15,7809,21.63
21-Aug-15,8299.9,22.99
20-Aug-15,8372.7,23.19
19-Aug-15,8495.1,23.53
18-Aug-15,8466.5,23.45
17-Aug-15,8477.3,23.48
14-Aug-15,8518.5,23.69
13-Aug-15,8355.8,23.16
12-Aug-15,8349.4,23.1
11-Aug-15,8462.3,23.38
10-Aug-15,8525.6,23.54
07-Aug-15,8564.6,23.61
06-Aug-15,8588.6,23.67
05-Aug-15,8567.9,23.62
04-Aug-15,8516.9,23.48
03-Aug-15,8543,23.54
31-Jul-15,8532.8,23.53
30-Jul-15,8421.8,23.23
29-Jul-15,8375,23.08
28-Jul-15,8337,23.02
27-Jul-15,8361,23.21
24-Jul-15,8521.5,23.65
23-Jul-15,8589.8,23.84
22-Jul-15,8633.5,23.96
21-Jul-15,8529.4,23.68
20-Jul-15,8603.4,23.88
17-Jul-15,8609.8,23.87
16-Jul-15,8608,23.86
15-Jul-15,8523.8,23.63
14-Jul-15,8454.1,23.44
13-Jul-15,8459.6,23.45
10-Jul-15,8360.5,23.17
09-Jul-15,8328.5,23.08
08-Jul-15,8363,23.18
07-Jul-15,8510.8,23.59
06-Jul-15,8522.1,23.62
03-Jul-15,8484.9,23.52
02-Jul-15,8444.9,23.4
01-Jul-15,8453,23.43
30-Jun-15,8368.5,23.19
29-Jun-15,8318.4,23.05
26-Jun-15,8381.1,23.23
25-Jun-15,8398,23.27
24-Jun-15,8360.8,23.17
23-Jun-15,8381.5,23.23
22-Jun-15,8353.1,23.15
19-Jun-15,8224.9,22.79
18-Jun-15,8174.6,22.66
17-Jun-15,8091.5,22.43
16-Jun-15,8047.3,22.3
15-Jun-15,8013.9,22.21
12-Jun-15,7982.9,22.12
11-Jun-15,7965.3,22.08
10-Jun-15,8124.4,22.52
09-Jun-15,8022.4,22.23
08-Jun-15,8044.1,22.29
05-Jun-15,8114.7,22.49
04-Jun-15,8130.6,22.53
03-Jun-15,8135.1,22.41
02-Jun-15,8236.4,22.71
01-Jun-15,8433.4,23.25
29-May-15,8433.6,23.12
28-May-15,8319,22.61
27-May-15,8334.6,22.6
26-May-15,8339.3,22.55
25-May-15,8370.2,22.64
22-May-15,8458.9,22.94
21-May-15,8421,22.67
20-May-15,8423.2,22.69
19-May-15,8365.6,22.55
18-May-15,8373.6,22.57
15-May-15,8262.3,22.24
14-May-15,8224.2,22.14
13-May-15,8235.4,22.17
12-May-15,8126.9,21.92
11-May-15,8325.2,22.41
08-May-15,8191.5,21.92
07-May-15,8057.3,21.61
06-May-15,8097,21.71
05-May-15,8324.8,22.45
04-May-15,8331.9,22.47
30-Apr-15,8181.5,22.07
29-Apr-15,8239.7,22.29
28-Apr-15,8285.6,22.46
27-Apr-15,8213.8,22.26
24-Apr-15,8305.2,22.34
23-Apr-15,8398.3,22.5
22-Apr-15,8429.7,22.59
21-Apr-15,8377.7,22.44
20-Apr-15,8448.1,22.64
17-Apr-15,8606,23.06
16-Apr-15,8706.7,23.33
15-Apr-15,8750.2,23.43
13-Apr-15,8834,23.66
10-Apr-15,8780.3,23.51
09-Apr-15,8778.3,23.5
08-Apr-15,8714.4,23.33
07-Apr-15,8660.3,23.19
06-Apr-15,8659.9,23.18
01-Apr-15,8586.2,22.95
31-Mar-15,8491,22.7
30-Mar-15,8492.3,22.7
27-Mar-15,8341.4,22.3
26-Mar-15,8342.1,22.36
25-Mar-15,8530.8,22.87
24-Mar-15,8542.9,22.9
23-Mar-15,8550.9,22.92
20-Mar-15,8570.9,22.98
19-Mar-15,8634.6,23.15
18-Mar-15,8685.9,23.29
17-Mar-15,8723.3,23.39
16-Mar-15,8633.1,23.14
13-Mar-15,8647.7,23.18
12-Mar-15,8776,23.53
11-Mar-15,8699.9,23.32
10-Mar-15,8712,23.36
09-Mar-15,8756.7,23.48
05-Mar-15,8937.7,23.9
04-Mar-15,8922.6,23.86
03-Mar-15,8996.2,24.06
02-Mar-15,8956.7,23.95
28-Feb-15,8901.8,23.8
27-Feb-15,8844.6,23.65
26-Feb-15,8683.8,23.22
25-Feb-15,8767.2,23.44
24-Feb-15,8762.1,23.43
23-Feb-15,8754.9,23.41
20-Feb-15,8833.6,23.62
19-Feb-15,8895.3,23.76
18-Feb-15,8869.1,23.28
16-Feb-15,8809.3,23.22
13-Feb-15,8805.5,23.31
12-Feb-15,8711.5,23.07
11-Feb-15,8627.4,22.85
10-Feb-15,8565.5,22.69
09-Feb-15,8526.3,22.59
06-Feb-15,8661,22.44
05-Feb-15,8711.7,22.57
04-Feb-15,8723.7,22.53
03-Feb-15,8756.5,22.42
02-Feb-15,8797.4,22.51
30-Jan-15,8808.9,22.48
29-Jan-15,8952.3,22.84
28-Jan-15,8914.3,22.67
27-Jan-15,8910.5,22.67
23-Jan-15,8835.6,22.48
22-Jan-15,8761.4,22.25
21-Jan-15,8729.5,22.21
20-Jan-15,8695.6,22.16
19-Jan-15,8550.7,21.8
16-Jan-15,8513.8,21.75
15-Jan-15,8494.1,21.7
14-Jan-15,8277.5,21.14
13-Jan-15,8299.4,21.21
12-Jan-15,8323,21.27
09-Jan-15,8284.5,21.16
08-Jan-15,8234.6,21.04
07-Jan-15,8102.1,20.7
06-Jan-15,8127.3,20.76
05-Jan-15,8378.4,21.4
02-Jan-15,8395.4,21.45
01-Jan-15,8284,21.16
31-Dec-14,8282.7,21.16
30-Dec-14,8248.2,21.07
29-Dec-14,8246.3,21.07
26-Dec-14,8200.7,20.95
24-Dec-14,8174.1,20.88
23-Dec-14,8267,21.12
22-Dec-14,8324,21.27
19-Dec-14,8225.2,21.01
18-Dec-14,8159.3,20.85
17-Dec-14,8029.8,20.51
16-Dec-14,8067.6,20.61
15-Dec-14,8219.6,21
12-Dec-14,8224.1,21.01
11-Dec-14,8292.9,21.19
10-Dec-14,8355.6,21.35
09-Dec-14,8340.7,21.31
08-Dec-14,8438.2,21.56
05-Dec-14,8538.3,21.81
04-Dec-14,8564.4,21.87
03-Dec-14,8537.6,21.81
02-Dec-14,8524.7,21.77
01-Dec-14,8555.9,21.85
28-Nov-14,8588.2,21.94
27-Nov-14,8494.2,21.7
26-Nov-14,8475.7,21.65
25-Nov-14,8463.1,21.61
24-Nov-14,8530.1,21.78
21-Nov-14,8477.3,21.7
20-Nov-14,8401.9,21.51
19-Nov-14,8382.3,21.33
18-Nov-14,8425.9,21.47
17-Nov-14,8430.7,21.45
14-Nov-14,8389.9,21.35
13-Nov-14,8357.8,21.26
12-Nov-14,8383.3,21.33
11-Nov-14,8362.6,21.29
10-Nov-14,8344.2,21.24
07-Nov-14,8337,21.31
05-Nov-14,8338.3,21.54
03-Nov-14,8324.1,21.58
31-Oct-14,8322.2,21.58
30-Oct-14,8169.2,21.16
29-Oct-14,8090.4,20.92
28-Oct-14,8027.6,20.75
27-Oct-14,7991.7,20.64
23-Oct-14,8014.5,20.7
22-Oct-14,7995.9,20.65
21-Oct-14,7927.7,20.53
20-Oct-14,7879.4,20.47
17-Oct-14,7779.7,20.21
16-Oct-14,7748.2,20.13
14-Oct-14,7864,20.41
13-Oct-14,7884.2,20.47
10-Oct-14,7859.9,20.55
09-Oct-14,7960.5,20.81
08-Oct-14,7842.7,20.5
07-Oct-14,7852.4,20.53
01-Oct-14,7945.5,20.77
30-Sep-14,7964.8,20.82
29-Sep-14,7958.9,20.81
26-Sep-14,7968.8,20.83
25-Sep-14,7911.8,20.68
24-Sep-14,8002.4,20.92
23-Sep-14,8017.5,20.96
22-Sep-14,8146.3,21.3
19-Sep-14,8121.4,21.23
18-Sep-14,8114.7,21.58
17-Sep-14,7975.5,21.21
16-Sep-14,7932.9,21.09
15-Sep-14,8042,21.38
12-Sep-14,8105.5,21.55
11-Sep-14,8085.7,21.5
10-Sep-14,8094.1,21.52
09-Sep-14,8152.9,21.68
08-Sep-14,8173.9,21.73
05-Sep-14,8086.8,21.15
04-Sep-14,8095.9,21.17
03-Sep-14,8114.6,21.22
02-Sep-14,8083,21.14
01-Sep-14,8027.7,20.99
28-Aug-14,7954.3,20.8
27-Aug-14,7936,20.75
26-Aug-14,7904.7,20.67
25-Aug-14,7906.3,20.67
22-Aug-14,7913.2,20.69
21-Aug-14,7891.1,20.63
20-Aug-14,7875.3,20.58
19-Aug-14,7897.5,20.63
18-Aug-14,7874.2,20.57
14-Aug-14,7791.7,20.45
13-Aug-14,7739.5,20.31
12-Aug-14,7727,20.26
11-Aug-14,7625.9,20
08-Aug-14,7568.5,19.93
07-Aug-14,7649.2,20.14
06-Aug-14,7672,20.2
05-Aug-14,7746.5,20.43
04-Aug-14,7683.6,20.26
01-Aug-14,7602.6,20.05
31-Jul-14,7721.3,20.56
30-Jul-14,7791.4,20.78
28-Jul-14,7748.7,20.66
25-Jul-14,7790.4,20.79
24-Jul-14,7830.6,20.92
23-Jul-14,7795.7,20.82
22-Jul-14,7767.8,20.78
21-Jul-14,7684.2,20.58
18-Jul-14,7663.9,20.6
17-Jul-14,7640.4,20.62
16-Jul-14,7624.4,20.57
15-Jul-14,7526.6,20.31
14-Jul-14,7454.1,20.12
11-Jul-14,7459.6,20.12
10-Jul-14,7567.7,20.48
09-Jul-14,7585,20.54
08-Jul-14,7623.2,20.64
07-Jul-14,7787.1,21.08
04-Jul-14,7751.6,20.99
03-Jul-14,7714.8,20.93
02-Jul-14,7725.1,20.96
01-Jul-14,7634.7,20.71
30-Jun-14,7611.3,20.65
27-Jun-14,7508.8,20.37
26-Jun-14,7493.2,20.33
25-Jun-14,7569.2,20.53
24-Jun-14,7580.2,20.56
23-Jun-14,7493.3,20.33
20-Jun-14,7511.4,20.38
19-Jun-14,7540.7,20.52
18-Jun-14,7558.2,20.56
17-Jun-14,7631.7,20.76
16-Jun-14,7533.5,20.53
13-Jun-14,7542.1,20.55
12-Jun-14,7649.9,20.84
11-Jun-14,7626.8,20.78
10-Jun-14,7656.4,20.86
09-Jun-14,7654.6,20.85
06-Jun-14,7583.4,20.75
05-Jun-14,7474.1,20.6
04-Jun-14,7402.2,20.42
03-Jun-14,7415.8,20.46
02-Jun-14,7362.5,20.27
30-May-14,7229.9,19.82
29-May-14,7235.6,19.79
28-May-14,7329.6,20.22
27-May-14,7318,20.21
26-May-14,7359,20.32
23-May-14,7367.1,20.39
22-May-14,7276.4,20.14
21-May-14,7252.9,20.07
20-May-14,7275.5,20.21
19-May-14,7263.5,20.15
16-May-14,7203,19.93
15-May-14,7123.1,19.71
14-May-14,7108.7,19.67
13-May-14,7108.7,19.67
12-May-14,7014.2,19.47
09-May-14,6858.8,19.1
08-May-14,6659.8,18.52
07-May-14,6652.5,18.56
06-May-14,6715.3,18.74
05-May-14,6699.3,18.69
02-May-14,6694.8,18.72
30-Apr-14,6696.4,18.79
29-Apr-14,6715.2,18.88
28-Apr-14,6761.2,18.98
25-Apr-14,6782.7,19.04
23-Apr-14,6840.8,19.2
22-Apr-14,6815.3,19.13
21-Apr-14,6817.6,19.14
17-Apr-14,6779.4,19.04
16-Apr-14,6675.3,18.79
15-Apr-14,6733.1,18.95
11-Apr-14,6776.3,19.07
10-Apr-14,6796.4,19.12
09-Apr-14,6796.2,19.12
07-Apr-14,6695,18.84
04-Apr-14,6694.3,18.84
03-Apr-14,6736.1,18.95
02-Apr-14,6752.5,19
01-Apr-14,6721,18.91
31-Mar-14,6704.2,18.86
28-Mar-14,6695.9,18.84
27-Mar-14,6641.7,18.71
26-Mar-14,6601.4,18.59
25-Mar-14,6589.7,18.56
24-Mar-14,6583.5,18.54
22-Mar-14,6494.9,18.29
21-Mar-14,6493.2,18.29
20-Mar-14,6483.1,18.26
19-Mar-14,6524,18.38
18-Mar-14,6516.6,18.35
14-Mar-14,6504.2,18.31
13-Mar-14,6493.1,18.28
12-Mar-14,6516.9,18.35
11-Mar-14,6511.9,18.34
10-Mar-14,6537.2,18.41
07-Mar-14,6526.6,18.38
06-Mar-14,6401.1,18.02
05-Mar-14,6328.6,17.82
04-Mar-14,6297.9,17.73
03-Mar-14,6221.4,17.52
28-Feb-14,6276.9,17.67
26-Feb-14,6238.8,17.57
25-Feb-14,6200,17.46
24-Feb-14,6186.1,17.42
21-Feb-14,6155.4,17.33
20-Feb-14,6091.4,17.42
19-Feb-14,6152.7,17.59
18-Feb-14,6127.1,17.59
17-Feb-14,6073.3,17.28
14-Feb-14,6048.3,17.22
13-Feb-14,6001.1,17.09
12-Feb-14,6084,17.32
11-Feb-14,6062.7,17.26
10-Feb-14,6053.4,17.24
07-Feb-14,6063.2,17.25
06-Feb-14,6036.3,17.16
05-Feb-14,6022.4,17.41
04-Feb-14,6000.9,17.35
03-Feb-14,6001.8,17.34
31-Jan-14,6089.5,17.7
30-Jan-14,6073.7,17.65
29-Jan-14,6120.2,17.79
28-Jan-14,6126.2,17.82
27-Jan-14,6135.8,17.85
24-Jan-14,6266.7,18.25
23-Jan-14,6345.6,18.49
22-Jan-14,6338.9,18.45
21-Jan-14,6313.8,18.38
20-Jan-14,6303.9,18.35
17-Jan-14,6261.6,18.45
16-Jan-14,6318.9,18.63
15-Jan-14,6320.9,18.68
14-Jan-14,6241.8,18.44
13-Jan-14,6272.7,18.55
10-Jan-14,6171.4,18.24
09-Jan-14,6168.3,18.3
08-Jan-14,6174.6,18.32
07-Jan-14,6162.2,18.28
06-Jan-14,6191.4,18.37
03-Jan-14,6211.1,18.43
02-Jan-14,6221.1,18.46
01-Jan-14,6301.6,18.69
31-Dec-13,6304,18.7
30-Dec-13,6291.1,18.66
27-Dec-13,6313.8,18.75
26-Dec-13,6278.9,18.64
24-Dec-13,6268.4,18.61
23-Dec-13,6284.5,18.66
20-Dec-13,6274.2,18.63
19-Dec-13,6166.6,18.31
18-Dec-13,6217.1,18.46
17-Dec-13,6139,18.23
16-Dec-13,6154.7,18.27
13-Dec-13,6168.4,18.32
12-Dec-13,6237,18.52
11-Dec-13,6307.9,18.73
10-Dec-13,6332.8,18.8
09-Dec-13,6363.9,18.9
06-Dec-13,6259.9,18.58
05-Dec-13,6241.1,18.58
04-Dec-13,6160.9,18.34
03-Dec-13,6201.8,18.46
02-Dec-13,6217.8,18.51
29-Nov-13,6176.1,18.38
28-Nov-13,6091.8,18.13
27-Nov-13,6057.1,18.03
26-Nov-13,6059.1,17.94
25-Nov-13,6115.3,18.06
22-Nov-13,5995.4,17.71
21-Nov-13,5999,17.26
20-Nov-13,6122.9,17.61
19-Nov-13,6203.3,17.85
18-Nov-13,6189,17.76
14-Nov-13,6056.1,17.42
13-Nov-13,5989.6,17.23
12-Nov-13,6018,17.31
11-Nov-13,6078.8,17.48
08-Nov-13,6140.7,17.65
07-Nov-13,6187.2,17.78
06-Nov-13,6215.1,17.92
05-Nov-13,6253.1,18.06
03-Nov-13,6317.3,18.23
01-Nov-13,6307.2,18.2
31-Oct-13,6299.1,18.18
30-Oct-13,6251.7,18.04
29-Oct-13,6220.9,17.95
28-Oct-13,6101.1,17.61
25-Oct-13,6144.9,17.73
24-Oct-13,6164.3,17.79
23-Oct-13,6178.3,17.83
22-Oct-13,6202.8,18.01
21-Oct-13,6204.9,18.07
18-Oct-13,6189.3,18.02
17-Oct-13,6045.8,17.63
15-Oct-13,6089,17.85
14-Oct-13,6112.7,17.94
11-Oct-13,6096.2,17.88
10-Oct-13,6020.9,17.66
09-Oct-13,6007.4,17.62
08-Oct-13,5928.4,17.38
07-Oct-13,5906.1,17.32
04-Oct-13,5907.3,17.32
03-Oct-13,5909.7,17.33
01-Oct-13,5780,16.95
30-Sep-13,5735.3,16.82
27-Sep-13,5833.2,17.11
26-Sep-13,5882.2,17.1
25-Sep-13,5873.8,17.07
24-Sep-13,5892.4,17.13
23-Sep-13,5889.7,17.12
20-Sep-13,6012.1,17.47
19-Sep-13,6115.5,17.77
18-Sep-13,5899.4,17.15
17-Sep-13,5850.2,17
16-Sep-13,5840.5,16.98
13-Sep-13,5850.6,17
12-Sep-13,5850.7,17
11-Sep-13,5913.1,17.19
10-Sep-13,5896.7,17.14
